{"cameraMode":{"drawMode":0,"name":"Shaded","section":"Shading Mode"},"sceneLighting":true,"audioPlay":false,"sceneViewState":{"showFog":true,"showMaterialUpdate":false,"showSkybox":true,"showFlares":true,"showImageEffects":true,"showParticleSystems":true},"in2DMode":false,"pivot":{"x":22.228778839111329,"y":21.608259201049806,"z":-21.550247192382814},"rotation":{"x":0.12457197159528732,"y":0.05712953954935074,"z":-0.007657608948647976,"w":0.9909155368804932},"size":3.43487286567688,"orthographic":false}