{"cameraMode":{"drawMode":0,"name":"Shaded","section":"Shading Mode"},"sceneLighting":true,"audioPlay":false,"sceneViewState":{"showFog":true,"showMaterialUpdate":false,"showSkybox":true,"showFlares":true,"showImageEffects":true,"showParticleSystems":true},"in2DMode":false,"pivot":{"x":1.5374491214752198,"y":9.539924621582032,"z":82.983642578125},"rotation":{"x":0.02308548241853714,"y":0.012888948433101178,"z":-0.000794281018897891,"w":0.9999130368232727},"size":3.43487286567688,"orthographic":false}